{"cameraMode":{"drawMode":0,"name":"Shaded","section":"Shading Mode"},"sceneLighting":true,"audioPlay":false,"sceneViewState":{"m_AlwaysRefresh":false,"showFog":true,"showSkybox":true,"showFlares":true,"showImageEffects":true,"showParticleSystems":true,"showVisualEffectGraphs":true,"m_FxEnabled":true},"in2DMode":false,"pivot":{"x":2.6585357189178469,"y":1.8672643899917603,"z":3.278177261352539},"rotation":{"x":0.03128199651837349,"y":0.038467857986688617,"z":-0.001197345438413322,"w":0.9987825751304627},"size":9.997367858886719,"orthographic":false}